{"cameraMode":{"drawMode":0,"name":"Shaded","section":"Shading Mode"},"sceneLighting":true,"audioPlay":false,"sceneViewState":{"m_AlwaysRefresh":false,"showFog":true,"showSkybox":true,"showFlares":true,"showImageEffects":true,"showParticleSystems":true,"showVisualEffectGraphs":true,"m_FxEnabled":true},"in2DMode":false,"pivot":{"x":1097.4615478515625,"y":63.447845458984378,"z":1730.6214599609375},"rotation":{"x":-0.43691056966781618,"y":0.49239593744277956,"z":-0.3146100640296936,"w":-0.6839391589164734},"size":98.86636352539063,"orthographic":false}