{"cameraMode":{"drawMode":0,"name":"Shaded","section":"Shading Mode"},"sceneLighting":true,"audioPlay":false,"sceneViewState":{"m_AlwaysRefresh":false,"showFog":true,"showSkybox":true,"showFlares":true,"showImageEffects":true,"showParticleSystems":true,"showVisualEffectGraphs":true,"m_FxEnabled":true},"in2DMode":false,"pivot":{"x":517.6336669921875,"y":-13.306381225585938,"z":1524.0633544921875},"rotation":{"x":0.3204894959926605,"y":0.23121033608913423,"z":-0.08098144084215164,"w":0.9150300025939941},"size":403.4178771972656,"orthographic":true}